Comment,topDesignator,bottomDesignator,Footprint,JLCPCB Part #,MFR Part #,Manufacturer,Description,Stock,Package,Datasheet
47nF,"C1,C2,C157",,C0402,C272875,CC0402KRX7R9BB473,Yageo,50V 47nF X7R ±10% 0402 Multilayer Ceramic Capacitors MLCC - SMD/SMT ROHS,407007,402,https://www.lcsc.com/datasheet/lcsc_datasheet_2304140030_YAGEO-CC0402KRX7R9BB473_C272875.pdf
1.0pF,C105,,C0402,C72134,GJM1555C1H1R0WB01D,Murata Electronics,50V 1pF C0G 0402 Multilayer Ceramic Capacitors MLCC - SMD/SMT ROHS,142137,402,https://wmsc.lcsc.com/wmsc/upload/file/pdf/v2/lcsc/1811081612_Murata-Electronics-GJM1555C1H1R0WB01D_C72134.pdf
1.3pF,C106,,C0402,C88880,GJM1555C1H1R3WB01D,Murata Electronics,50V 1.3pF C0G 0402 Multilayer Ceramic Capacitors MLCC - SMD/SMT ROHS,13082,402,https://wmsc.lcsc.com/wmsc/upload/file/pdf/v2/lcsc/2304140030_Murata-Electronics-GJM1555C1H1R3WB01D_C88880.pdf
16pF,"C127,C128,C80",,C0402,C77590,CC0402JRNPO9BN160,Yageo,50V 16pF NP0 ±5% 0402 Multilayer Ceramic Capacitors MLCC - SMD/SMT ROHS,133648,402,https://wmsc.lcsc.com/wmsc/upload/file/pdf/v2/lcsc/2304140030_YAGEO-CC0402JRNPO9BN160_C77590.pdf
0.75pF,C136,,C0402,C76914,GJM1555C1HR75WB01D,Murata Electronics,50V 0.75pF C0G 0402 Multilayer Ceramic Capacitors MLCC - SMD/SMT ROHS,13542,402,https://www.lcsc.com/datasheet/lcsc_datasheet_1811081611_Murata-Electronics-GJM1555C1HR75WB01D_C76914.pdf
7.5pF,"C138,C161",,C0402,C505479,CC0402CRNPO9BN7R5,Yageo,50V 7.5pF NP0 0402 Multilayer Ceramic Capacitors MLCC - SMD/SMT ROHS,15503,402,https://wmsc.lcsc.com/wmsc/upload/file/pdf/v2/lcsc/2003312210_YAGEO-CC0402CRNPO9BN7R5_C505479.pdf
11pF,"C139,C162",,C0402,C161525,GRM1555C1H110JA01D,Murata Electronics,50V 11pF C0G ±5% 0402 Multilayer Ceramic Capacitors MLCC - SMD/SMT ROHS,15839,402,https://www.lcsc.com/datasheet/lcsc_datasheet_2304140030_Murata-Electronics-GRM1555C1H110JA01D_C161525.pdf
6.8pF,"C140,C163",,C0402,C1576,0402CG6R8C500NT,Fh (guangdong Fenghua Advanced tech),50V 6.8pF C0G 0402 Multilayer Ceramic Capacitors MLCC - SMD/SMT ROHS,128596,402,https://www.lcsc.com/datasheet/lcsc_datasheet_2304140030_FH--Guangdong-Fenghua-Advanced-Tech-0402CG6R8C500NT_C1576.pdf
3.0pF,C153,,C0402,C327228,CC0402BRNPO9BN3R0,Yageo,50V 3pF NP0 0402 Multilayer Ceramic Capacitors MLCC - SMD/SMT ROHS,114561,402,https://wmsc.lcsc.com/wmsc/upload/file/pdf/v2/lcsc/1811141233_YAGEO-CC0402BRNPO9BN3R0_C327228.pdf
2.7nF,C155,,C0402,C22435967,CGA0402X7R272K500GT,Hre,50V 2.7nF X7R ±10% 0402 Multilayer Ceramic Capacitors MLCC - SMD/SMT ROHS,139805,402,https://www.lcsc.com/datasheet/lcsc_datasheet_2405231404_HRE-CGA0402X7R272K500GT_C22435967.pdf
680pF,C156,,C0402,C107030,CC0402KRX7R9BB681,Yageo,50V 680pF X7R ±10% 0402 Multilayer Ceramic Capacitors MLCC - SMD/SMT ROHS,119274,402,https://www.lcsc.com/datasheet/lcsc_datasheet_2304140030_YAGEO-CC0402KRX7R9BB681_C107030.pdf
3.9pF,C158,,C0402,C1566,0402CG3R9C500NT,Fh (guangdong Fenghua Advanced tech),50V 3.9pF C0G 0402 Multilayer Ceramic Capacitors MLCC - SMD/SMT ROHS,302231,402,https://www.lcsc.com/datasheet/lcsc_datasheet_2304140030_FH--Guangdong-Fenghua-Advanced-Tech-0402CG3R9C500NT_C1566.pdf
2.4pF,C159,,C0402,C48346,0402CG2R4C500NT,Fh (guangdong Fenghua Advanced tech),50V 2.4pF C0G 0402 Multilayer Ceramic Capacitors MLCC - SMD/SMT ROHS,312060,402,https://wmsc.lcsc.com/wmsc/upload/file/pdf/v2/lcsc/2304140030_FH--Guangdong-Fenghua-Advanced-Tech-0402CG2R4C500NT_C48346.pdf
0.1uF,"C245,C247,C249,C250,C252,C254,C256,C258,C259,C260,C262,C263,C264,C266,C267,C268,C270,C271,C272,C274,C275,C276,C278,C279,C280,C282,C283,C284,C286,C318",,RESC0402_N,C307331,CL05B104KB54PNC,Samsung electro-mechanics,50V 100nF X7R ±10% 0402 Multilayer Ceramic Capacitors MLCC - SMD/SMT ROHS,10822474,402,https://www.lcsc.com/datasheet/lcsc_datasheet_2304140030_Samsung-Electro-Mechanics-CL05B104KB54PNC_C307331.pdf
NFM31PC276B0J3L,"C5,C15,C25,C35,C45",,NFM31HK103R1H3L,C118987,NFM31PC276B0J3L,Murata Electronics,"27uF ±20% 5mΩ SMD-3P,1.6x3.2mm Feed Through Capacitors ROHS",4879,"SMD-3P,1.6x3.2mm",https://www.lcsc.com/datasheet/lcsc_datasheet_1810201315_Murata-Electronics-NFM31PC276B0J3L_C118987.pdf
0.1uF,"C50,C107,C108,C109,C110,C111,C112,C113,C47,C49,C101,C102,C58,C59,C60,C73,C74,C78,C84,C85,C86,C87,C88,C89,C90,C91,C92,C93,C94,C95,C96,C97,C98,C44,C55,C56,C114,C115,C116,C117,C119,C121,C122,C123,C124,C125,C53,C54,C75,C129,C130,C131,C132,C133,C134,C135,C142,C143,C144,C145,C146,C147,C148,C149,C150,C151,C152,C154,C51,C77,C3,C4,C7,C9,C17,C19,C27,C29,C37,C39","C12,C20,C23,C31,C33,C61,C62,C63,C64,C65,C66,C67,C68,C69,C70,C71",RESC0402_N,C1525,CL05B104KO5NNNC,Samsung electro-mechanics,16V 100nF X7R ±10% 0402 Multilayer Ceramic Capacitors MLCC - SMD/SMT ROHS,12512624,402,https://www.lcsc.com/datasheet/lcsc_datasheet_2304140030_Samsung-Electro-Mechanics-CL05B104KO5NNNC_C1525.pdf
10uF,"C6,C8,C10,C13,C16,C18,C21,C24,C26,C28,C34,C36,C38,C40,C41,C42,C43,C46,C48,C52,C76,C118,C120,C126,C170,C173,C174,C175,C176,C242,C243,C244,C246,C248,C251,C253,C255,C257,C287,C288,C289,C319,C320,C321,C322",,RESC0805_N,C15850,CL21A106KAYNNNE,Samsung electro-mechanics,25V 10uF X5R ±10% 0805 Multilayer Ceramic Capacitors MLCC - SMD/SMT ROHS,7845551,805,https://www.lcsc.com/datasheet/lcsc_datasheet_2304140030_Samsung-Electro-Mechanics-CL21A106KAYNNNE_C15850.pdf
1uF,"C72,C82,C261,C265,C269,C273,C277,C281,C285","C11,C14,C22,C30,C32",RESC0402_N,C52923,CL05A105KA5NQNC,Samsung electro-mechanics,25V 1uF X5R ±10% 0402 Multilayer Ceramic Capacitors MLCC - SMD/SMT ROHS,4632086,402,https://www.lcsc.com/datasheet/lcsc_datasheet_2304140030_Samsung-Electro-Mechanics-CL05A105KA5NQNC_C52923.pdf
22uF,"C81,C166,C290,C291,C292,C293,C294,C295,C296,C297,C298,C299,C300,C301,C302,C303,C304,C305,C306,C307,C308,C309,C310,C311,C312,C313,C314,C315,C316,C317",,RESC0805_N,C45783,CL21A226MAQNNNE,Samsung electro-mechanics,25V 22uF X5R ±20% 0805 Multilayer Ceramic Capacitors MLCC - SMD/SMT ROHS,972962,805,https://www.lcsc.com/datasheet/lcsc_datasheet_2304140030_Samsung-Electro-Mechanics-CL21A226MAQNNNE_C45783.pdf
1000uF,"C83,C99,C100,C165,C167,C168,C171,C172",,EEE0JA152UAP,C401766,EEEFT1E102UP,Panasonic,"1000uF 25V 1.19A@100kHz 60mΩ@100kHz ±20% SMD,D10xL10.2mm Aluminum Electrolytic Capacitors - SMD ROHS",15217,"SMD,D10xL10.2mm",https://wmsc.lcsc.com/wmsc/upload/file/pdf/v2/lcsc/1912111437_PANASONIC-EEEFT1E102UP_C401766.pdf
B340A,D10,,SMA-DIODE,C64982,B340A,mdd(microdiode semiconductor),40V Independent Type 550mV@3A 3A SMA(DO-214AC) Schottky Diodes ROHS,52411,SMA(DO-214AC),https://www.lcsc.com/datasheet/lcsc_datasheet_2407101107_MDD-Microdiode-Semiconductor-B340A_C64982.pdf
50mΩ 220Ω@100MHz 0603,FB2,,603,C14709,BLM18PG121SN1D,Murata Electronics,50mΩ ±25% 120Ω@100MHz 0603 Ferrite Beads ROHS,1044223,603,https://www.lcsc.com/datasheet/lcsc_datasheet_2304140030_Murata-Electronics-BLM18PG121SN1D_C14709.pdf
OPA859IDSGR,"FL1,FL2,FL3,FL4",,SON50P200X200X80-9N,C2058582,OPA859IDSGR,Texas Instruments,WSON-8-EP(2x2) Operational Amplifier ROHS,4398,WSON-8-EP(2x2),https://www.lcsc.com/datasheet/lcsc_datasheet_2302221330_Texas-Instruments-OPA859IDSGR_C2058582.pdf
TPS72325DBVR,"IC10,IC25",,SOT95P280X145-5N,C69932,TPS72325DBVR,Texas Instruments,"200mA 65dB Fixed 2.5V Negative electrode 10V SOT-23-5 Voltage Regulators - Linear, Low Drop Out (LDO) Regulators ROHS",3867,SOT-23-5,https://www.lcsc.com/datasheet/lcsc_datasheet_1809251717_Texas-Instruments-TPS72325DBVR_C69932.pdf
LMH5401IRMST,"IC13,IC21",,LMH5401IRMSR,C2057542,LMH5401IRMST,Texas Instruments,6.2GHz Single Channel 8GHz QFN-14(2.5x2.5) Differential Amplifiers ROHS,23,QFN-14(2.5x2.5),https://wmsc.lcsc.com/wmsc/upload/file/pdf/v2/lcsc/2303012230_Texas-Instruments-LMH5401IRMST_C2057542.pdf
LMH6401IRMZR,"IC14,IC29",,LMH6401IRMZR,C2060538,LMH6401IRMZR,Texas Instruments,Single Channel 4.5GHz UQFN-16(3x3) Programmable / Variable Gain Amplifiers (PGA/VGA) ROHS,154,UQFN-16(3x3),https://wmsc.lcsc.com/wmsc/upload/file/pdf/v2/lcsc/2303012000_Texas-Instruments-LMH6401IRMZR_C2060538.pdf
DAC8562SDGSR,IC17,,SOP50P490X110-10N,C127965,DAC8562SDGSR,Texas Instruments,VSSOP-10-0.5mm Digital to Analog Converters (DAC) ROHS,664,VSSOP-10-0.5mm,https://www.lcsc.com/datasheet/lcsc_datasheet_1809291523_Texas-Instruments-DAC8562SDGSR_C127965.pdf
SN74AVC4T774PWR,"IC2,IC15,IC30",,SOP65P640X120-16N,C129363,SN74AVC4T774PWR,Texas Instruments,"1.1V~3.6V 1 4 1.1V~3.6V 380Mbps TSSOP-16 Translators, Level Shifters ROHS",6333,TSSOP-16,https://www.lcsc.com/datasheet/lcsc_datasheet_1811081942_Texas-Instruments-SN74AVC4T774PWR_C129363.pdf
ADC122S021CIMM_NOPB,IC3,,SOP65P490X110-8N,C206499,ADC122S021CIMM/NOPB,Texas Instruments,12 Bits 200kHz VSSOP-8-0.65mm Analog to Digital Converters (ADC) ROHS,385,VSSOP-8-0.65mm,https://www.lcsc.com/datasheet/lcsc_datasheet_1806121318_Texas-Instruments-ADC122S021CIMM-NOPB_C206499.pdf
TLV9102IPWR,"IC4,IC18,IC33",,SOP65P640X120-8N,C2058017,TLV9102IPWR,Texas Instruments,Dual channel 10pA 1.1MHz TSSOP-8 Operational Amplifier ROHS,19,TSSOP-8,https://wmsc.lcsc.com/wmsc/upload/file/pdf/v2/lcsc/2303012230_Texas-Instruments-TLV9102IPWR_C2058017.pdf
EP4CE30F23C6N,IC5,,BGA484C100P22X22_2300X2300X240,C6549145,EP4CE30F23C7N,intel/altera,28848 1803 FBGA-484(23x23) Programmable Logic Device (CPLDs/FPGAs) ROHS,43,FBGA-484_23x23,https://wmsc.lcsc.com/wmsc/upload/file/pdf/v2/lcsc/2312051050_Intel-Altera-EP4CE30F23C7N_C6549145.pdf
EPCQ16ASI8N,IC6,,SOIC127P600X175-8N,C467192,EPCQ16ASI8N,intel/altera,SOIC-8 Programmable Logic Device (CPLDs/FPGAs) ROHS,239,SOIC-8,https://wmsc.lcsc.com/wmsc/upload/file/pdf/v2/lcsc/2304140030_Intel-Altera-EPCQ16ASI8N_C467192.pdf
TPS7A7200RGTR,"IC7,IC22,IC23,IC24,IC26,IC27,IC28",,QFN50P300X300X100-17N,C180439,TPS7A7200RGTR,Texas Instruments,"2A Adjustable 900mV~5V Positive electrode 6.5V VQFN-16-EP(3x3) Voltage Regulators - Linear, Low Drop Out (LDO) Regulators ROHS",253,VQFN-16-EP(3x3),https://www.lcsc.com/datasheet/lcsc_datasheet_2303021230_Texas-Instruments-TPS7A7200RGTR_C180439.pdf
FT232HQ,IC8,,QFN48_8MM,C82158,FT232HQ-REEL,Ftdi,QFN-48-EP(8x8) USB Converters ROHS,1272,QFN-48-EP(8x8),https://www.lcsc.com/datasheet/lcsc_datasheet_2409300133_FTDI-FT232HQ-REEL_C82158.pdf
93LC56B,IC9,,SOT23-6,C190271,93LC56BT-I/OT,Microchip Tech,2Kbit SPI SOT-23-6 EEPROM ROHS,3992,SOT-23-6,https://www.lcsc.com/datasheet/lcsc_datasheet_2410311238_Microchip-Tech-93LC56BT-I-OT_C190271.pdf
G6K-2F-RF-T-TR03_DC5,"K1,K2,K3,K4,K5",,G6K2FRFTTR03DC5,C5644852,G6K-2F-RF-T-TR03-DC5,Omron Electronics,Two Sets of Conversion: 2C (DPDT-Conversion) 1A 5V Signal Relays ROHS,266,-,https://www.lcsc.com/datasheet/lcsc_datasheet_2410010202_Omron-Electronics-G6K-2F-RF-T-TR03-DC5_C5644852.pdf
TLP3475_TPF,"K7,K6",,TLP3475TPF,C2152213,"TLP3475(TP,F",Toshiba,"1 Form A(SPST-NO) 1.27V 50V 1Ω 300mA AC,DC VSON-4(1.5x2.5) Solid State Relays - MOS Output (PhotoMOS) ROHS",0,VSON-4(1.5x2.5),https://www.lcsc.com/datasheet/lcsc_datasheet_2411220132_TOSHIBA-TLP3475-TP-F_C2152213.pdf
10uH,"L1,L2,L9,L10,L11,L12,L13,L14",,CDRH125,C339970,YDRH105R-100M,Yjycoin,"4.45A 10uH ±20% SMD,10.1x10.1mm Power Inductors ROHS",1263,"SMD,10.1x10.1mm",https://wmsc.lcsc.com/wmsc/upload/file/pdf/v2/lcsc/2304140030_YJYCOIN-YDRH105R-100M_C339970.pdf
6.8nH,"L16,L17",,RESC0402_N,C77110,LQG15HS6N8J02D,Murata Electronics,600mA 6.8nH ±5% 220mΩ 0402 Inductors (SMD) ROHS,149413,402,https://wmsc.lcsc.com/wmsc/upload/file/pdf/v2/lcsc/2304140030_Murata-Electronics-LQG15HS6N8J02D_C77110.pdf
3.3nH,"L4,L7",,RESC0402_N,C162542,LQG15HS3N3B02D,Murata Electronics,800mA 3.3nH 125mΩ 0402 Inductors (SMD) ROHS,22225,402,https://www.lcsc.com/datasheet/lcsc_datasheet_2304140030_Murata-Electronics-LQG15HS3N3B02D_C162542.pdf
15nH,"L8,L15,L18,L19",,RESC0402_N,C521066,LQG15HS15NH02D,Murata Electronics,450mA 15nH ±3% 320mΩ 0402 Inductors (SMD) ROHS,8033,402,https://wmsc.lcsc.com/wmsc/upload/file/pdf/v2/lcsc/2304140030_Murata-Electronics-LQG15HS15NH02D_C521066.pdf
red,"LED1,LED2,LED3,LED4,LED25,LED26,LED27,LED28,LED29,LED30,LED32,LED41,LED42,LED43,LED45,LED46,LED47,LED48",,CHIP-LED0603,C2286,KT-0603R,Hubei Kento Elec,-40℃~+85℃ Red 0603 LED Indication - Discrete ROHS,2797098,603,https://www.lcsc.com/datasheet/lcsc_datasheet_1810231112_Hubei-KENTO-Elec-KT-0603R_C2286.pdf
LMR33630ADDA,"PS2,PS9,PS10,PS11,PS12,PS13,PS14",,SOIC127P600X170-9N,C841384,LMR33630ADDAR,Texas Instruments,Step-down type Adjustable 3.8V~36V 1V~24V 3A ESOP-8 DC-DC Converters ROHS,783,ESOP-8,https://www.lcsc.com/datasheet/lcsc_datasheet_2410121900_Texas-Instruments-LMR33630ADDAR_C841384.pdf
S8050,"Q1,Q4,Q5,Q7,Q8,Q9",,SOT-23,C7420370,SS8050,Hongjiacheng,"25V 300mW 120@100mA,1.0V 1.5A NPN SOT-23 Bipolar (BJT) ROHS",975913,SOT-23,https://wmsc.lcsc.com/wmsc/upload/file/pdf/v2/lcsc/2312221203_hongjiacheng-SS8050_C7420370.pdf
FDN340P,Q2,,SOT-23,C15127,AO3401A,Alpha & Omega Semicon,"30V 4A 44mΩ@10V,4.3A 1.4W 1.3V@250uA 1 Piece P-Channel SOT-23 MOSFETs ROHS",1229349,SOT-23,https://www.lcsc.com/datasheet/lcsc_datasheet_2412061733_Alpha---Omega-Semicon-AO3401A_C15127.pdf
100,"R1,R2,R3,R4","R17,R19,R20,R21,R23,R24,R25,R26,R39,R54,R55,R56,R57,R58,R59,R60,R61,R62,R63,R64,R65,R66,R67,R68,R69,R70,R71,R72,R73,R74,R75,R76,R77,R94,R95,R96,R97,R98,R99,R100,R101,R102,R103,R104,R105,R106,R107,R108,R109,R110,R111,R112,R113,R114,R115,R116,R117,R118,R119,R120",R0201,C270366,0201WMF1000TEE,uni-royal(uniroyal elec),50mW Thick Film Resistors 25V ±1% ±200ppm/℃ 100Ω 0201 Chip Resistor - Surface Mount ROHS,1236836,201,https://wmsc.lcsc.com/wmsc/upload/file/pdf/v2/lcsc/2205311945_UNI-ROYAL-Uniroyal-Elec-0201WMF1000TEE_C270366.pdf
127,"R131,R132,R189,R190",,R0402,C1509602,ARG02BTC1270,Viking Tech,62.5mW Thin Film Resistor 50V ±25ppm/℃ ±0.1% 127Ω 0402 Chip Resistor - Surface Mount ROHS,6925,402,https://www.lcsc.com/datasheet/lcsc_datasheet_2304140030_Viking-Tech-ARG02BTC1270_C1509602.pdf
66.5,"R133,R191",,R0402,C368442,WR04X66R5FTL,Walsin Tech Corp,62.5mW Thick Film Resistors 50V ±100ppm/℃ ±1% 66.5Ω 0402 Chip Resistor - Surface Mount ROHS,6649,402,https://wmsc.lcsc.com/wmsc/upload/file/pdf/v2/lcsc/2304140030_Walsin-Tech-Corp-WR04X66R5FTL_C368442.pdf
22.6,"R134,R192",,R0402,C272377,RC0402FR-0722R6L,Yageo,62.5mW Thick Film Resistors 50V ±100ppm/℃ ±1% 22.6Ω 0402 Chip Resistor - Surface Mount ROHS,7664,402,https://www.lcsc.com/datasheet/lcsc_datasheet_2304140030_YAGEO-RC0402FR-0722R6L_C272377.pdf
220,"R135,R193",,R0402,C25091,0402WGF2200TCE,uni-royal(uniroyal elec),62.5mW Thick Film Resistors 50V ±100ppm/℃ ±1% 220Ω 0402 Chip Resistor - Surface Mount ROHS,1483972,402,https://www.lcsc.com/datasheet/lcsc_datasheet_2205311900_UNI-ROYAL-Uniroyal-Elec-0402WGF2200TCE_C25091.pdf
100k,"R137,R163,R209,R221,R223,R224,R225,R226,R227,R229,R230,R231,R232,R233",,RES-0402,C25741,0402WGF1003TCE,uni-royal(uniroyal elec),62.5mW Thick Film Resistors 50V ±100ppm/℃ ±1% 100kΩ 0402 Chip Resistor - Surface Mount ROHS,4716586,402,https://www.lcsc.com/datasheet/lcsc_datasheet_2206010100_UNI-ROYAL-Uniroyal-Elec-0402WGF1003TCE_C25741.pdf
0,"R142,R149,R150,R155,R166,R196,R247,R128,R129,R15,R18,R81,R87,R88,R89,R90",,RES-0402,C17168,0402WGF0000TCE,uni-royal(uniroyal elec),62.5mW Thick Film Resistors 50V ±800ppm/℃ ±1% 0Ω 0402 Chip Resistor - Surface Mount ROHS,7577882,402,https://www.lcsc.com/datasheet/lcsc_datasheet_2206010216_UNI-ROYAL-Uniroyal-Elec-0402WGF0000TCE_C17168.pdf
10k,"R161,R167,R148,R151,R173,R174,R175,R156,R186,R198,R125,R127,R130,R5,R27,R38,R78,R79,R80,R82,R83,R84,R85,R86,R91,R92,R121,R123,R212,R213,R214,R215,R216,R219,R220,R234,R239,R246",,RES-0402,C25744,0402WGF1002TCE,uni-royal(uniroyal elec),62.5mW Thick Film Resistors 50V ±100ppm/℃ ±1% 10kΩ 0402 Chip Resistor - Surface Mount ROHS,6952275,402,https://www.lcsc.com/datasheet/lcsc_datasheet_2411221126_UNI-ROYAL-Uniroyal-Elec-0402WGF1002TCE_C25744.pdf
5.1k,"R176,R152,R165,R182,R183,R217,R218,R235",,RES-0402,C25905,0402WGF5101TCE,uni-royal(uniroyal elec),62.5mW Thick Film Resistors 50V ±100ppm/℃ ±1% 5.1kΩ 0402 Chip Resistor - Surface Mount ROHS,5629675,402,https://www.lcsc.com/datasheet/lcsc_datasheet_2206010045_UNI-ROYAL-Uniroyal-Elec-0402WGF5101TCE_C25905.pdf
357,"R185,R50",,RES-0402,C423184,0402WGF3570TCE,uni-royal(uniroyal elec),62.5mW Thick Film Resistors 50V ±100ppm/℃ ±1% 357Ω 0402 Chip Resistor - Surface Mount ROHS,424,402,https://wmsc.lcsc.com/wmsc/upload/file/pdf/v2/lcsc/2205312216_UNI-ROYAL-Uniroyal-Elec-0402WGF3570TCE_C423184.pdf
39,"R187,R188,R194,R195,R184,R44,R45,R138,R139",,R0402,C185420,RC0402FR-0739RL,Yageo,62.5mW Thick Film Resistors 50V ±100ppm/℃ ±1% 39Ω 0402 Chip Resistor - Surface Mount ROHS,47658,402,https://www.lcsc.com/datasheet/lcsc_datasheet_2304140030_YAGEO-RC0402FR-0739RL_C185420.pdf
NCP18WF104F03RC,R207,,R0603,C13564,NCP18XH103F03RB,Murata Electronics,10kΩ 310uA 100mW ±1% 3380K ±1% 0603 NTC Thermistors ROHS,57118,603,https://www.lcsc.com/datasheet/lcsc_datasheet_1810311113_Murata-Electronics-NCP18XH103F03RB_C13564.pdf
1k,"R208,R179,R180,R181,R197,R199,R200,R201,R162,R164,R171,R172,R178,R157,R140,R141,R143,R144,R145,R146,R147,R122,R124,R126,R236,R237,R238,R243,R244,R206,R6,R7,R8,R9,R10,R11,R12,R13,R14,R16,R22,R28,R29,R30,R32,R33,R34,R35,R36,R37,R40,R41,R46,R47,R48,R49,R51,R52,R53,R93,R202,R203",,0402_RES,C11702,0402WGF1001TCE,uni-royal(uniroyal elec),62.5mW Thick Film Resistors 50V ±100ppm/℃ ±1% 1kΩ 0402 Chip Resistor - Surface Mount ROHS,15329251,402,https://www.lcsc.com/datasheet/lcsc_datasheet_2206010216_UNI-ROYAL-Uniroyal-Elec-0402WGF1001TCE_C11702.pdf
39k,R222,,RES-0402,C25783,0402WGF3902TCE,uni-royal(uniroyal elec),62.5mW Thick Film Resistors 50V ±100ppm/℃ ±1% 39kΩ 0402 Chip Resistor - Surface Mount ROHS,198842,402,https://www.lcsc.com/datasheet/lcsc_datasheet_2206010100_UNI-ROYAL-Uniroyal-Elec-0402WGF3902TCE_C25783.pdf
56k,R228,,RES-0402,C25796,0402WGF5602TCE,uni-royal(uniroyal elec),62.5mW Thick Film Resistors 50V ±100ppm/℃ ±1% 56kΩ 0402 Chip Resistor - Surface Mount ROHS,312130,402,https://www.lcsc.com/datasheet/lcsc_datasheet_2411221126_UNI-ROYAL-Uniroyal-Elec-0402WGF5602TCE_C25796.pdf
120,"R240,R241",,R0402,C25079,0402WGF1200TCE,uni-royal(uniroyal elec),62.5mW Thick Film Resistors 50V ±100ppm/℃ ±1% 120Ω 0402 Chip Resistor - Surface Mount ROHS,676145,402,https://www.lcsc.com/datasheet/lcsc_datasheet_2205311900_UNI-ROYAL-Uniroyal-Elec-0402WGF1200TCE_C25079.pdf
1M,"R42,R158,R204,R205",,RES-0402,C26083,0402WGF1004TCE,uni-royal(uniroyal elec),62.5mW Thick Film Resistors 50V ±100ppm/℃ ±1% 1MΩ 0402 Chip Resistor - Surface Mount ROHS,2377080,402,https://www.lcsc.com/datasheet/lcsc_datasheet_2206010030_UNI-ROYAL-Uniroyal-Elec-0402WGF1004TCE_C26083.pdf
47,"R43,R168,R169,R170,R177,R242,R136,R31,R153,R154,R159,R210,R160",R211,RES-0402,C25118,0402WGF470JTCE,uni-royal(uniroyal elec),62.5mW Thick Film Resistors 50V ±1% ±200ppm/℃ 47Ω 0402 Chip Resistor - Surface Mount ROHS,740434,402,https://www.lcsc.com/datasheet/lcsc_datasheet_2205311900_UNI-ROYAL-Uniroyal-Elec-0402WGF470JTCE_C25118.pdf
SKQGADE010,"SW3,SW4",,SW4-SMD-5.2X5.2X1.5MM,C116647,SKQGADE010,Alpsalpine,5.2mm 1.5mm Round Button 50mA Standing paste 5.2mm SPST 12V SMD Tactile Switches ROHS,23600,SMD,https://www.lcsc.com/datasheet/lcsc_datasheet_1809200033_ALPSALPINE-SKQGADE010_C116647.pdf
WS2812-2020,"U1,U3",,LED_WS2812-2020,C965555,WS2812B-2020,Worldsemi,"SMD,2x2mm RGB LEDs(Built-in IC) ROHS",260282,"SMD,2.2x2mm",https://www.lcsc.com/datasheet/lcsc_datasheet_2012110135_Worldsemi-WS2812B-2020_C965555.pdf
ADF4350BCPZ,U2,,QFN50P500X500X100-33V2N,C98705,ADF4350BCPZ-RL7,Analog Devices,"4.4GHz LFCSP-32(5x5) Clock Generators, PLLs, Frequency Synthesizers ROHS",786,LFCSP-32(5x5),https://www.lcsc.com/datasheet/lcsc_datasheet_1809051230_Analog-Devices-ADF4350BCPZ-RL7_C98705.pdf
USBC,X1,,USB_C_CUSB31-CFM2AX-01-X,C5307756,HC-TYPE-C-16P-CH3.18-3A-02,Hctl,3A USB 3.1 1 260℃@10S Horizontal attachment 16P Female -25℃~+85℃ Gold High conductivity copper Type-C SMD USB Connectors ROHS,952,SMD,https://wmsc.lcsc.com/wmsc/upload/file/pdf/v2/lcsc/2212071830_HCTL-HC-TYPE-C-16P-CH3-18-3A-02_C5307756.pdf
OSCILLATORSMD-5X3,Y2,,OSCILLATOR-SMD-5X3.2,C2901546,SX5M50.000M20F30TNN,Shenzhen Sctf Elec,1.62V~3.63V ±20ppm 20mA ±30ppm CMOS 50MHz SMD5032-4P Crystal Oscillators ROHS,4634,SMD5032-4P,https://wmsc.lcsc.com/wmsc/upload/file/pdf/v2/lcsc/2405241539_Shenzhen-SCTF-Elec-SX5M50-000M20F30TNN_C2901546.pdf
12MHz,Y3,,CRYSTAL-SMD-5X3,C2901628,SX5B12.000F1620F30,Shenzhen Sctf Elec,12MHz SMD crystal oscillator 16pF ±20ppm ±30ppm SMD5032-4P Crystals ROHS,25,SMD5032-4P,https://wmsc.lcsc.com/wmsc/upload/file/pdf/v2/lcsc/2406051021_Shenzhen-SCTF-Elec-SX5B12-000F1620F30_C2901628.pdf
,,,,,,,,,,
Other parts,Quantity,,,,,,,,,
ADC,1,,,,ADC12DL2500,Texas Instruments,"12-bit, dual 2.5GSPS or single 5GSPS analog-to-digital converter (LVDS interface)",,,https://www.ti.com/lit/gpn/adc12dl2500
BNC connector,2,,,,73100-0105,Molex,"BNC Jack, Right-Angle, PCB Receptacle, Die Cast Body, Nickel (Ni) Plated, Low Profile, Tray, 50 Ohms",,,https://www.molex.com/en-us/products/part-detail/731000105
Light pipe,2,,,,SLP3-150-100-F,BIVAR,"Light Pipes, Rigid Board Mount",,,https://www.bivar.com/product/slp3-150-100-f/
USB A connector,2,,,,292303-1,TE Connectivity,"A, 2.0, Standard Profile, Receptacle, 1 Port, Top, Right Angle, Box & Tube / Tube, Flush, Through Hole - Solder, Cable-to-Board, USB Connectors",,,https://www.te.com/en/product-292303-1.html
Ethernet connector,2,,,,FRJAE-438,Amphenol,"Modular Jack - Right Angle, Input Output Connectors 8P8C, Shield, No Filter.",,,https://www.amphenol-cs.com/product/frjae438.html
Compensation tabs,2,,,,725996-2,TE Connectivity,"Tab, 2.79 mm [.11 in] Tab Width, 1.3 mm [.051 in] PCB Hole, Through Hole - Solder, Tin Plating, Box, FASTON 110, PCB Terminals",,,https://www.te.com/en/product-725996-2.html
Case,1,,,,1455R2201,Hammond Mfg.,extruded aluminum enclosure w/ metal end panels 165 X 30.5 X 220MM ALM EXTRUSN,,,https://www.hawkusa.com/manufacturers/hammond-mfg/enclosures/box-metal/1455r2201
SMA edge connector,3,,,C496550,BWSMA-KE-P001,Bat Wireless,1 Inner hole SMA Board-End Staggered pins 50Ω 5.2mm Plugin Coaxial Connectors (RF) ROHS,,,https://a.co/d/4B7CaRl
12V connector,1,,,C2961147,PJ-002AH,Cui,Plugin DC Power Connectors ROHS,,,https://a.co/d/eoDnTFM
Fan 5V 40x40x10mm,1,,,https://a.co/d/87twmHs,,,,,,
Female JST fan connector,1,,,https://a.co/d/eWYJwHc,,,,,,
JTAG connector 2x5,1,,,https://a.co/d/f5vxffH,,,,,,
Heatsink 20x20x10mm,2,,,https://a.co/d/1xYD7Q9,,,,,,
Thermal tape,,,,https://a.co/d/dvBZmN2,,,,,,
Bubble wrap,,,,https://a.co/d/7Qrm6s9,,,,,,
Box 12x8x2,1,,,https://a.co/d/dbKtnco,,,,,,
USB A to C cable,1,,,https://a.co/d/j788qq6,,,,,,
Sticker for box,1,,,https://www.vistaprint.com/labels-stickers,,,,,,